{
  "대만": {
    "출국권고": null,
    "여행금지": null,
    "거리": 1507,
    "소요시간": 1.6744444444444444
  },
  "몽골": {
    "출국권고": null,
    "여행금지": null,
    "거리": 2326,
    "소요시간": 2.5844444444444443
  },
  "일본": {
    "출국권고": "○",
    "여행금지": null,
    "거리": 943,
    "소요시간": 1.0477777777777777
  },
  "중국": {
    "출국권고": null,
    "여행금지": null,
    "거리": 2118,
    "소요시간": 2.3533333333333335
  },
  "라오스": {
    "출국권고": null,
    "여행금지": null,
    "거리": 3043,
    "소요시간": 3.381111111111111
  },
  "말레이시아": {
    "출국권고": "○",
    "여행금지": null,
    "거리": 4405,
    "소요시간": 4.894444444444445
  },
  "미얀마": {
    "출국권고": "○",
    "여행금지": null,
    "거리": 3443,
    "소요시간": 3.8255555555555554
  },
  "베트남": {
    "출국권고": null,
    "여행금지": null,
    "거리": 3111,
    "소요시간": 3.4566666666666666
  },
  "싱가포르": {
    "출국권고": null,
    "여행금지": null,
    "거리": 4567,
    "소요시간": 5.0744444444444445
  },
  "인도네시아": {
    "출국권고": null,
    "여행금지": null,
    "거리": 4325,
    "소요시간": 4.805555555555555
  },
  "캄보디아": {
    "출국권고": null,
    "여행금지": null,
    "거리": 3455,
    "소요시간": 3.838888888888889
  },
  "태국": {
    "출국권고": "○",
    "여행금지": null,
    "거리": 3462,
    "소요시간": 3.8466666666666667
  },
  "필리핀": {
    "출국권고": "○",
    "여행금지": "○",
    "거리": 2630,
    "소요시간": 2.922222222222222
  },
  "네팔": {
    "출국권고": null,
    "여행금지": null,
    "거리": 4157,
    "소요시간": 4.618888888888889
  },
  "몰디브": {
    "출국권고": null,
    "여행금지": null,
    "거리": 6720,
    "소요시간": 7.466666666666667
  },
  "방글라데시": {
    "출국권고": "○",
    "여행금지": null,
    "거리": 3829,
    "소요시간": 4.254444444444444
  },
  "부탄": {
    "출국권고": null,
    "여행금지": null,
    "거리": 3629,
    "소요시간": 4.032222222222222
  },
  "스리랑카": {
    "출국권고": null,
    "여행금지": null,
    "거리": 5685,
    "소요시간": 6.316666666666666
  },
  "아프가니스탄": {
    "출국권고": null,
    "여행금지": "○",
    "거리": 5391,
    "소요시간": 5.99
  },
  "인도": {
    "출국권고": "○",
    "여행금지": null,
    "거리": 5016,
    "소요시간": 5.573333333333333
  },
  "파키스탄": {
    "출국권고": "○",
    "여행금지": null,
    "거리": 5394,
    "소요시간": 5.993333333333333
  },
  "러시아": {
    "출국권고": "○",
    "여행금지": null,
    "거리": 3253,
    "소요시간": 3.6144444444444446
  },
  "우즈베키스탄": {
    "출국권고": null,
    "여행금지": null,
    "거리": 5399,
    "소요시간": 5.998888888888889
  },
  "카자흐스탄": {
    "출국권고": null,
    "여행금지": null,
    "거리": 5068,
    "소요시간": 5.631111111111111
  },
  "키르기스스탄": {
    "출국권고": null,
    "여행금지": null,
    "거리": 4575,
    "소요시간": 5.083333333333333
  },
  "타지키스탄": {
    "출국권고": "○",
    "여행금지": null,
    "거리": 4921,
    "소요시간": 5.467777777777778
  },
  "투르크메니스탄": {
    "출국권고": null,
    "여행금지": null,
    "거리": 5887,
    "소요시간": 6.541111111111111
  },
  "터키": {
    "출국권고": "○",
    "여행금지": null,
    "거리": 7790,
    "소요시간": 8.655555555555555
  },
  "사우디아라비아": {
    "출국권고": "○",
    "여행금지": null,
    "거리": 7853,
    "소요시간": 8.725555555555555
  },
  "시리아": {
    "출국권고": null,
    "여행금지": "○",
    "거리": 7736,
    "소요시간": 8.595555555555556
  },
  "아랍에미리트": {
    "출국권고": null,
    "여행금지": null,
    "거리": 7112,
    "소요시간": 7.902222222222222
  },
  "알제리": {
    "출국권고": "○",
    "여행금지": null,
    "거리": 10938,
    "소요시간": 12.153333333333334
  },
  "예멘": {
    "출국권고": null,
    "여행금지": "○",
    "거리": 8047,
    "소요시간": 8.94111111111111
  },
  "오만": {
    "출국권고": null,
    "여행금지": null,
    "거리": 7034,
    "소요시간": 7.815555555555555
  },
  "요르단": {
    "출국권고": null,
    "여행금지": null,
    "거리": 8200,
    "소요시간": 9.11111111111111
  },
  "이라크": {
    "출국권고": null,
    "여행금지": "○",
    "거리": 7447,
    "소요시간": 8.274444444444445
  },
  "이란": {
    "출국권고": "○",
    "여행금지": null,
    "거리": 6656,
    "소요시간": 7.395555555555555
  },
  "이스라엘": {
    "출국권고": "○",
    "여행금지": null,
    "거리": 8284,
    "소요시간": 9.204444444444444
  },
  "쿠웨이트": {
    "출국권고": null,
    "여행금지": null,
    "거리": 7342,
    "소요시간": 8.157777777777778
  },
  "튀니지": {
    "출국권고": "○",
    "여행금지": null,
    "거리": 9950,
    "소요시간": 11.055555555555555
  }
}